<?xml version='1.0' encoding='ISO-8859-1'?> 
<!--generated by JHelpDev version 0.14 beta, see www.mk-home.de--> 
<!DOCTYPE toc 
PUBLIC "-//Sun Microsystems Inc.//DTD JavaHelp TOC Version 1.0//EN" 
"http://java.sun.com/products/javahelp/toc_1_0.dtd"> 



<toc version="1.0"> 

	


	
          <tocitem text="Introduction" target="Introduction">
	

	  <tocitem text="Project" target="Project">
			
             		
              <tocitem text="Creating A New Project" target="CreatingANewProject"/>

	      <tocitem text="Opening A Project" target="OpeningAProject"/>
		
              <tocitem text="Saving A Project" target="SavingAProject"/>
			
              <tocitem text="Closing A Project" target="ClosingAProject"/>
		
              <tocitem text="Configuring Project Properties" target="ConfiguringProjectProperties"/>
	
          </tocitem>
	

	  <tocitem text="Document" target="Document">
		
              	
	      <tocitem text="Creating A New Document" target="CreatingANewDocument"/>
		
      	      <tocitem text="Opening A Document" target="OpeningADocument"/>
			
              <tocitem text="Adding A Document" target="AddingADocument"/>
			
              <tocitem text="Saving A Document" target="SavingADocument"/>

              <tocitem text="Saving A Document Schema" target="SavingADocumentSchema"/>

               <tocitem text="Saving A Document As Pdf" target="SavingADcoumentPdf"/>

              <tocitem text="Printing A Document" target="PrintingADocument"/>

	      <tocitem text="Transforming A Document Using a Xslt" target="TransformingADocumentXslt"/>
			
              <tocitem text="Closing A Document" target="ClosingADocument"/>

	      <tocitem text="Removing A Document" target="RemovingADocument"/>

          </tocitem>



          <tocitem text="Editing A Document in Source Mode" target="EditingSourceMode">
	      <tocitem text="Adding an Element Tag to a Document" target="EditingSourceMode_AddingElementTag"/>
		              <tocitem text="Parsing A Document" target="EditingSourceMode_ParsingDocument"/>
	
              <tocitem text="Editing A Document in Text Mode" target="EditingSourceMode_EditingTextMode"/>		              <tocitem text="Validating a Document Using a DTD" target="EditingSourceMode_ValidatingUsingDtd"/>
			      <tocitem text="Validating a Document Using a Schema" target="EditingSourceMode_ValidatingUsingSchema"/>
			  </tocitem>


	  <tocitem text="Editing A Document in Design Mode" target="EditingDesignMode">
				
		      <tocitem text="Adding an Element to a Document" target="EditingDesignMode_AddingElement"/>
		      <tocitem text="Removing an Element From a Document" target="EditingDesignMode_RemovingElement"/>
          </tocitem>
	

</tocitem>



</toc>
